{
  "accuracy": 0.7959866220735786,
  "macro_f1": 0.7983519565586947,
  "ece": 0.03664384011839541,
  "label_names": {
    "0": "negative",
    "1": "neutral",
    "2": "positive"
  },
  "per_class": {
    "0": {
      "precision": 0.8666666666666667,
      "recall": 0.8502109704641351,
      "f1": 0.8583599574014911
    },
    "1": {
      "precision": 0.7166979362101313,
      "recall": 0.7403100775193798,
      "f1": 0.7283126787416586
    },
    "2": {
      "precision": 0.8148893360160966,
      "recall": 0.801980198019802,
      "f1": 0.8083832335329343
    }
  },
  "bucket_centers": [
    0.05,
    0.15000000000000002,
    0.25,
    0.35000000000000003,
    0.45,
    0.55,
    0.6500000000000001,
    0.75,
    0.8500000000000001,
    0.95
  ],
  "bucket_accuracies": [
    0.0,
    0.0,
    0.0,
    0.5,
    0.463768115942029,
    0.5862068965517241,
    0.7068965517241379,
    0.7964285714285714,
    0.894927536231884,
    0.9579207920792079
  ],
  "bucket_counts": [
    0,
    0,
    0,
    2,
    69,
    232,
    232,
    280,
    276,
    404
  ]
}