{
  "accuracy": 0.640133779264214,
  "macro_f1": 0.6384315855089586,
  "per_class_f1": {
    "negative": 0.7214428857715431,
    "neutral": 0.4984552008238929,
    "positive": 0.6953966699314398
  },
  "per_class_precision": {
    "negative": 0.7214428857715431,
    "neutral": 0.4763779527559055,
    "positive": 0.7274590163934426
  },
  "per_class_recall": {
    "negative": 0.7214428857715431,
    "neutral": 0.5226781857451404,
    "positive": 0.6660412757973734
  }
}