{
  "accuracy": 0.6321070234113713,
  "macro_f1": 0.6303887623507872,
  "per_class_f1": {
    "negative": 0.7045908183632734,
    "neutral": 0.4850976361767729,
    "positive": 0.7014778325123153
  },
  "per_class_precision": {
    "negative": 0.7017892644135189,
    "neutral": 0.4627450980392157,
    "positive": 0.7385892116182573
  },
  "per_class_recall": {
    "negative": 0.7074148296593187,
    "neutral": 0.509719222462203,
    "positive": 0.6679174484052532
  }
}